timestamp,price
2026-08-17 01:08:28,46381.91
2026-08-17 01:09:30,46381.91
2026-08-17 01:10:36,46366.165
2026-08-17 01:11:38,46371.205
2026-08-17 01:12:39,46364.385
2026-08-17 01:14:20,46375.035
2026-08-17 01:15:21,46377.775
2026-08-17 01:16:43,46376.125
2026-08-17 01:17:44,46358.615
2026-08-17 01:23:40,46320.205
2026-08-17 01:24:41,46320.205
2026-08-17 01:25:42,46301.4
2026-08-17 01:28:15,46292.255
2026-08-17 01:29:16,46292.255
2026-08-17 01:30:17,46341.76
2026-08-17 01:31:18,46341.76
2026-08-17 01:32:19,46341.76
2026-08-17 01:33:20,46341.76
2026-08-17 01:34:21,46341.76
2026-08-17 01:35:21,46341.76
2026-08-17 04:36:22,46716.89
2026-08-17 11:19:47,46642.765
2026-08-17 11:20:48,46656.79
2026-08-17 11:21:49,46651.005
2026-08-17 11:22:50,46670.025
2026-08-17 11:23:51,46675.12
2026-08-17 11:24:52,46673.565
2026-08-17 11:25:54,46672.36
2026-08-17 11:26:44,46679.985
2026-08-17 11:28:29,46684.255
2026-08-17 11:29:30,46693.685
2026-08-17 11:30:31,46740.395
2026-08-17 11:31:34,46763.365
2026-08-17 11:32:35,46783.85
2026-08-17 11:33:36,46754.755
2026-08-17 11:34:37,46774.845
2026-08-17 11:35:38,46777.85
2026-08-17 11:36:39,46804.705
2026-08-17 11:37:39,46831.22
2026-08-17 11:38:40,46837.25
2026-08-17 11:39:41,46831.46
2026-08-17 11:40:42,46816.46
2026-08-17 11:41:43,46827.355
2026-08-17 11:42:43,46844.0
2026-08-17 11:43:44,46844.705
2026-08-17 11:44:45,46845.345
2026-08-17 11:45:46,46899.98
2026-08-17 11:46:47,46895.065
2026-08-17 11:47:48,46896.145
2026-08-17 11:48:49,46891.075
2026-08-17 11:49:50,46893.65
2026-08-17 11:50:52,46884.81
2026-08-17 11:51:53,46869.24
2026-08-17 11:52:54,46888.12
2026-08-17 11:53:55,46899.0
2026-08-17 11:54:56,46900.54
2026-08-17 11:55:57,46877.89
2026-08-17 11:56:58,46907.0
2026-08-17 11:58:00,46914.475
2026-08-17 11:59:00,46914.13
2026-08-17 12:00:02,46944.355
2026-08-17 12:01:02,46926.925
2026-08-17 12:02:03,46923.665
2026-08-17 12:03:04,46942.645
2026-08-17 12:04:04,46931.18
2026-08-17 12:05:05,46924.57
2026-08-17 12:06:06,46921.355
2026-08-17 12:07:07,46924.185
2026-08-17 12:08:08,46913.195
2026-08-17 12:09:09,46896.185
2026-08-17 12:10:09,46903.72
2026-08-17 12:11:10,46899.97
2026-08-17 12:12:11,46909.84
2026-08-17 12:13:11,46914.64
2026-08-17 12:14:12,46918.18
2026-08-17 12:15:13,46927.48
2026-08-17 12:16:13,46912.09
2026-08-17 12:17:14,46909.9
2026-08-17 12:18:15,46944.245
2026-08-17 12:19:15,46934.0
2026-08-17 12:20:16,46926.34
2026-08-17 12:21:17,46946.52
2026-08-17 12:22:17,46947.03
2026-08-17 12:23:18,46949.67
2026-08-17 12:24:19,46937.34
2026-08-17 12:25:19,46935.86
2026-08-17 12:26:20,46913.1
2026-08-17 12:27:21,46917.77
2026-08-17 12:28:21,46907.67
2026-08-17 12:29:22,46911.835
2026-08-17 12:30:23,46917.04
2026-08-17 12:31:23,46922.16
2026-08-17 12:32:24,46930.875
2026-08-17 12:33:25,46939.935
2026-08-17 12:34:25,46937.985
2026-08-17 12:35:26,46932.91
2026-08-17 12:36:27,46943.345
2026-08-17 12:37:27,46942.715
2026-08-17 12:38:28,46942.715
2026-08-17 12:39:29,46946.2
2026-08-17 12:40:29,46946.84
2026-08-17 12:41:30,46947.855
2026-08-17 12:42:30,46946.53
2026-08-17 12:43:31,46953.385
2026-08-17 12:44:32,46950.835
2026-08-17 12:45:32,46951.305
2026-08-17 12:46:33,46989.74
2026-08-17 12:47:33,46997.79
2026-08-17 12:48:34,47004.845
2026-08-17 12:49:35,47003.91
2026-08-17 12:50:36,46962.585
2026-08-17 12:51:36,46948.885
2026-08-17 12:52:37,46924.27
2026-08-17 12:53:37,46914.09
2026-08-17 12:54:38,46919.365
2026-08-17 12:55:39,46901.74
2026-08-17 12:56:39,46904.235
2026-08-17 12:57:40,46888.385
2026-08-17 12:58:41,46877.61
2026-08-17 12:59:41,46873.615
2026-08-17 13:00:42,46889.785
2026-08-17 13:01:43,46889.76
2026-08-17 13:02:44,46900.1
2026-08-17 13:03:44,46912.16
2026-08-17 13:04:45,46894.825
2026-08-17 13:05:46,46873.145
2026-08-17 13:06:47,46859.435
2026-08-17 13:07:47,46849.895
2026-08-17 13:08:48,46875.62
2026-08-17 13:09:49,46871.565
2026-08-17 13:10:49,46884.155
2026-08-17 13:11:50,46863.66
2026-08-17 13:12:51,46906.47
2026-08-17 13:13:52,46904.26
2026-08-17 13:14:52,46901.805
2026-08-17 13:15:53,46899.04
2026-08-17 13:16:54,46886.74
2026-08-17 13:17:54,46878.67
2026-08-17 13:18:55,46865.29
2026-08-17 13:19:56,46867.685
2026-08-17 13:20:56,46861.265
2026-08-17 13:21:57,46871.19
2026-08-17 13:22:58,46865.02
2026-08-17 13:23:58,46879.02
2026-08-17 13:24:59,46879.02
2026-08-17 13:26:00,46874.8
2026-08-17 13:27:00,46854.035
2026-08-17 13:28:01,46843.83
2026-08-17 13:29:01,46845.045
2026-08-17 13:30:02,46860.21
2026-08-17 13:31:03,46874.575
2026-08-17 13:32:03,46894.815
2026-08-17 13:33:04,46881.25
2026-08-17 13:34:04,46878.18
2026-08-17 13:35:05,46872.97
2026-08-17 13:36:06,46886.08
2026-08-17 13:37:06,46886.08
2026-08-17 13:38:07,46861.585
2026-08-17 13:39:08,46846.07
2026-08-17 13:40:08,46834.725
2026-08-17 13:41:09,46857.675
2026-08-17 13:42:10,46852.325
2026-08-17 13:43:11,46838.865
2026-08-17 13:44:11,46836.825
2026-08-17 13:45:12,46839.955
2026-08-17 13:46:13,46860.475
2026-08-17 13:47:13,46881.075
2026-08-17 13:48:14,46878.975
2026-08-17 13:49:15,46870.37
2026-08-17 13:50:15,46865.235
2026-08-17 13:51:16,46845.59
2026-08-17 13:52:16,46836.26
2026-08-17 13:53:17,46830.135
2026-08-17 13:54:18,46835.41
2026-08-17 13:55:18,46833.12
2026-08-17 13:56:19,46852.875
2026-08-17 13:57:20,46853.445
2026-08-17 13:58:21,46840.55
2026-08-17 13:59:21,46844.9
2026-08-17 14:00:22,46815.515
2026-08-17 14:01:23,46820.785
2026-08-17 14:02:23,46800.88
2026-08-17 14:03:24,46785.715
2026-08-17 14:04:25,46790.19
2026-08-17 14:05:25,46795.66
2026-08-17 14:06:26,46789.0
2026-08-17 14:07:27,46820.18
2026-08-17 14:08:27,46802.405
2026-08-17 14:09:28,46810.12
2026-08-17 14:10:29,46813.685
2026-08-17 14:11:29,46797.62
2026-08-17 14:12:30,46825.135
2026-08-17 14:13:31,46818.155
2026-08-17 14:14:31,46827.185
2026-08-17 14:15:32,46804.995
2026-08-17 14:16:33,46783.185
2026-08-17 14:17:33,46775.985
2026-08-17 14:18:34,46756.02
2026-08-17 14:19:34,46753.33
2026-08-17 14:20:35,46753.815
2026-08-17 14:21:36,46751.97
2026-08-17 14:22:36,46750.025
2026-08-17 14:23:37,46744.125
2026-08-17 14:24:38,46742.29
2026-08-17 14:25:39,46721.945
2026-08-17 14:26:39,46749.73
2026-08-17 14:27:40,46752.295
2026-08-17 14:28:41,46767.56
2026-08-17 14:29:41,46777.05
2026-08-17 14:30:42,46773.5
2026-08-17 14:31:43,46828.315
2026-08-17 14:32:43,46880.64
2026-08-17 14:33:44,46904.235
2026-08-17 14:34:44,46917.86
2026-08-17 14:35:45,46935.33
2026-08-17 14:36:46,46958.33
2026-08-17 14:37:46,46940.17
2026-08-17 14:38:47,46923.59
2026-08-17 14:39:48,46948.15
2026-08-17 14:40:48,46952.52
2026-08-17 14:41:49,46984.04
2026-08-17 14:42:50,46981.16
2026-08-17 14:43:51,46959.595
2026-08-17 14:44:51,46908.66
2026-08-17 14:45:52,46903.855
2026-08-17 14:46:52,46882.03
2026-08-17 14:47:53,46894.37
2026-08-17 14:48:54,46929.85
2026-08-17 14:49:54,46926.495
2026-08-17 14:50:55,46958.505
2026-08-17 14:51:56,46920.875
2026-08-17 14:52:56,46930.0
2026-08-17 14:53:57,46920.565
2026-08-17 14:54:58,46906.735
2026-08-17 14:55:58,46883.3
2026-08-17 14:56:59,46890.65
2026-08-17 14:58:00,46919.41
2026-08-17 14:59:00,46923.245
2026-08-17 15:00:01,46921.56
2026-08-17 15:01:02,46901.27
2026-08-17 15:02:02,46884.93
2026-08-17 15:03:03,46904.725
2026-08-17 15:04:04,46869.31
2026-08-17 15:05:04,46865.525
2026-08-17 15:06:05,46860.11
2026-08-17 15:07:05,46852.295
2026-08-17 15:08:06,46857.795
2026-08-17 15:09:07,46863.385
2026-08-17 15:10:07,46870.925
2026-08-17 15:11:08,46902.325
2026-08-17 15:12:09,46912.87
2026-08-17 15:13:09,46921.295
2026-08-17 15:14:10,46900.925
2026-08-17 15:15:11,46901.64
2026-08-17 15:16:11,46932.475
2026-08-17 15:17:12,46909.685
2026-08-17 15:18:13,46884.34
2026-08-17 15:19:13,46853.3
2026-08-17 15:20:14,46890.65
2026-08-17 15:21:15,46885.16
2026-08-17 15:22:15,46881.12
2026-08-17 15:23:16,46859.68
2026-08-17 15:24:17,46880.005
2026-08-17 15:25:17,46886.47
2026-08-17 15:26:18,46879.55
2026-08-17 15:27:19,46875.83
2026-08-17 15:28:19,46874.105
2026-08-17 15:29:20,46852.645
2026-08-17 15:30:20,46859.695
2026-08-17 15:31:21,46840.61
2026-08-17 15:32:22,46889.53
2026-08-17 15:33:22,46896.515
2026-08-17 15:34:23,46925.73
2026-08-17 15:35:24,46920.595
2026-08-17 15:36:24,46888.045
2026-08-17 15:37:25,46891.52
2026-08-17 15:38:26,46896.695
2026-08-17 15:39:26,46865.415
2026-08-17 15:40:27,46874.65
2026-08-17 15:41:28,46872.955
2026-08-17 15:42:28,46869.55
2026-08-17 15:43:29,46881.115
2026-08-17 15:44:30,46876.62
2026-08-17 15:45:30,46894.55
2026-08-17 15:46:31,46893.815
2026-08-17 15:47:32,46884.115
2026-08-17 15:48:32,46921.005
2026-08-17 15:49:33,46945.6
2026-08-17 15:50:33,46981.015
2026-08-17 15:51:34,46983.685
2026-08-17 15:52:35,47039.595
2026-08-17 15:53:35,47000.07
2026-08-17 15:54:36,46998.11
2026-08-17 15:55:37,47020.775
2026-08-17 15:56:37,47035.445
2026-08-17 15:57:38,47041.57
2026-08-17 15:58:39,47047.39
2026-08-17 15:59:39,47067.455
2026-08-17 16:00:40,47091.925
2026-08-17 16:01:41,47093.97
2026-08-17 16:02:41,47110.995
2026-08-17 16:03:42,47111.48
2026-08-17 16:04:43,47114.27
2026-08-17 16:05:43,47126.4
2026-08-17 16:06:44,47147.265
2026-08-17 16:07:45,47155.025
2026-08-17 16:08:45,47095.715
2026-08-17 16:09:46,47115.555
2026-08-17 16:10:47,47139.155
2026-08-17 16:11:48,47135.215
2026-08-17 16:12:50,47149.66
2026-08-17 16:13:51,47118.07
2026-08-17 16:14:52,47086.5
2026-08-17 16:15:53,47105.84
2026-08-17 16:16:55,47086.67
2026-08-17 16:17:56,47079.265
2026-08-17 16:18:58,47066.345
2026-08-17 17:36:44,47233.135
2026-08-17 17:37:45,47243.08
2026-08-17 17:38:45,47257.04
2026-08-17 17:39:46,47261.655
2026-08-17 17:40:47,47269.44
2026-08-17 17:41:47,47245.5
2026-08-17 17:42:48,47243.755
2026-08-17 17:43:49,47235.75
2026-08-17 17:44:49,47221.36
2026-08-17 17:45:50,47214.705
2026-08-17 17:46:51,47219.545
2026-08-17 17:47:51,47221.775
2026-08-17 17:48:52,47231.575
2026-08-17 17:49:53,47254.295
2026-08-17 17:50:54,47238.66
2026-08-17 17:51:54,47232.39
2026-08-17 17:52:55,47250.285
2026-08-17 17:53:56,47233.48
2026-08-17 17:54:56,47229.445
2026-08-17 17:55:57,47216.995
2026-08-17 17:56:58,47229.715
2026-08-17 17:57:59,47243.6
2026-08-17 17:59:00,47242.475
2026-08-17 18:00:00,47245.0
2026-08-17 18:01:01,47249.65
2026-08-17 18:02:02,47234.535
2026-08-17 18:03:03,47234.33
2026-08-17 18:04:04,47239.195
2026-08-17 18:05:04,47237.24
2026-08-17 18:06:05,47221.295
2026-08-17 18:07:06,47232.33
2026-08-17 18:08:07,47219.105
2026-08-17 18:09:07,47224.55
2026-08-17 18:10:08,47215.7
2026-08-17 18:11:09,47201.675
2026-08-17 18:12:09,47176.285
2026-08-17 18:13:10,47175.805
2026-08-17 18:14:11,47174.8
2026-08-17 18:15:11,47156.545
2026-08-17 18:16:12,47167.92
2026-08-17 18:17:13,47153.53
2026-08-17 18:18:13,47290.355
2026-08-17 18:19:14,47357.265
2026-08-17 18:20:15,47373.315
2026-08-17 18:21:15,47404.655
2026-08-17 18:22:16,47432.315
2026-08-17 18:23:17,47491.5
2026-08-17 18:24:18,47476.905
2026-08-17 18:25:19,47394.99
2026-08-17 18:26:20,47358.94
2026-08-17 18:27:20,47397.925
2026-08-17 18:28:21,47366.565
2026-08-17 18:29:22,47346.81
2026-08-17 18:30:22,47327.98
2026-08-17 18:31:23,47329.185
2026-08-17 18:32:24,47319.505
2026-08-17 18:33:25,47310.86
2026-08-17 18:34:25,47305.945
2026-08-17 18:35:26,47297.23
2026-08-17 18:36:27,47261.325
2026-08-17 18:37:27,47307.465
2026-08-17 18:38:28,47329.725
2026-08-17 18:39:29,47376.545
2026-08-17 18:40:29,47365.2
2026-08-17 18:41:30,47390.275
2026-08-17 18:42:31,47401.21
2026-08-17 18:43:31,47401.995
2026-08-17 18:44:32,47383.165
2026-08-17 18:45:33,47366.745
2026-08-17 18:46:34,47405.81
2026-08-17 18:47:34,47402.12
2026-08-17 18:48:35,47415.415
2026-08-17 18:49:36,47413.565
2026-08-17 18:50:37,47424.275
2026-08-17 18:51:38,47432.325
2026-08-17 18:52:38,47445.71
2026-08-17 21:20:39,47452.78
2026-08-17 21:21:40,47457.095
2026-08-17 21:22:41,47461.5
2026-08-17 21:23:42,47448.685
2026-08-17 21:24:43,47464.375
2026-08-17 21:25:44,47480.4
2026-08-17 21:26:45,47478.23
2026-08-17 21:27:46,47487.0
2026-08-17 21:28:47,47494.12
2026-08-17 21:30:10,47522.73
2026-08-17 21:31:12,47509.61
2026-08-17 21:32:13,47502.165
2026-08-17 21:33:13,47480.985
2026-08-17 21:34:15,47480.355
2026-08-17 21:48:20,47486.55
2026-08-17 21:49:21,47490.81
2026-08-17 21:50:22,47474.165
2026-08-17 21:51:23,47470.35
2026-08-17 21:52:24,47461.055
2026-08-17 21:53:25,47460.21
2026-08-17 21:55:19,47498.69
2026-08-17 21:56:20,47518.125
2026-08-17 21:57:21,47517.255
2026-08-17 21:58:23,47509.71
2026-08-17 21:59:23,47508.38
2026-08-17 22:00:24,47504.56
2026-08-17 22:01:26,47513.36
2026-08-17 22:02:26,47512.75
2026-08-17 22:03:28,47513.775
2026-08-17 22:04:29,47501.425
2026-08-17 22:05:30,47519.135
2026-08-17 22:06:31,47517.39
2026-08-17 22:07:32,47517.55
2026-08-17 22:08:33,47517.255
2026-08-17 22:09:35,47518.48
2026-08-17 22:10:35,47534.05
2026-08-17 22:11:37,47534.15
2026-08-17 22:12:38,47526.845
2026-08-17 22:13:39,47506.95
2026-08-17 22:14:40,47482.62
2026-08-17 22:15:41,47481.8
2026-08-17 22:16:42,47498.965
2026-08-17 22:17:42,47495.265
2026-08-17 22:18:43,47474.83
2026-08-17 22:19:45,47470.755
2026-08-17 22:20:45,47476.945
2026-08-17 22:21:46,47485.415
2026-08-17 22:22:47,47470.505
2026-08-17 22:23:48,47462.055
2026-08-17 22:24:48,47468.34
2026-08-17 22:25:49,47442.625
2026-08-17 22:26:50,47442.41
2026-08-17 22:27:51,47444.205
2026-08-17 22:28:52,47457.075
2026-08-17 22:29:53,47454.56
2026-08-17 22:30:54,47456.485
2026-08-17 22:31:55,47469.12
2026-08-17 23:01:36,47506.745
2026-08-17 23:02:40,47505.56
2026-08-17 23:03:41,47503.805
2026-08-17 23:04:42,47482.61
2026-08-17 23:05:43,47485.675
2026-08-17 23:06:43,47470.215
2026-08-17 23:07:44,47475.4
2026-08-17 23:08:45,47472.255
2026-08-17 23:09:46,47460.135
2026-08-17 23:10:46,47452.39
2026-08-17 23:17:25,47438.16
2026-08-17 23:18:26,47429.75
2026-08-17 23:29:33,47433.17
2026-08-17 23:30:34,47424.745
2026-08-17 23:31:35,47424.085
2026-08-17 23:32:35,47424.115
2026-08-17 23:33:36,47419.61
2026-08-17 23:34:37,47418.45
2026-08-17 23:35:38,47433.445
2026-08-17 23:36:38,47433.21
2026-08-17 23:37:39,47433.21
2026-08-17 23:38:40,47461.025
2026-08-17 23:39:40,47452.915
2026-08-17 23:40:41,47452.915
2026-08-17 23:41:42,47443.135
2026-08-17 23:42:43,47443.935
2026-08-17 23:43:44,47440.095
2026-08-17 23:44:44,47441.19
2026-08-17 23:45:45,47438.925
2026-08-17 23:46:46,47438.52
2026-08-17 23:47:47,47436.54
2026-08-17 23:48:48,47433.475
2026-08-17 23:51:06,47433.61
2026-08-17 23:57:11,47423.61
2026-08-18 00:00:09,47425.875
2026-08-18 00:01:10,47421.875
2026-08-18 00:11:28,47472.42
2026-08-18 00:12:29,47472.42
2026-08-18 00:13:30,47472.42
2026-08-18 00:14:31,47484.335
2026-08-18 00:15:32,47474.49
2026-08-18 00:16:13,47474.02
2026-08-18 00:16:32,47484.27
2026-08-18 00:17:14,47489.63
2026-08-18 00:17:33,47489.63
2026-08-18 00:18:15,47486.77
2026-08-18 00:18:34,47486.77
2026-08-18 00:19:35,47498.965
2026-08-18 00:20:36,47498.545
2026-08-18 00:21:37,47492.13
2026-08-18 00:22:38,47490.735
2026-08-18 00:23:39,47489.16
2026-08-18 00:24:40,47509.095
2026-08-18 00:25:41,47522.21
2026-08-18 00:26:41,47534.985
2026-08-18 00:27:42,47545.345
2026-08-18 00:28:43,47552.44
2026-08-18 00:29:43,47557.28
2026-08-18 00:30:44,47544.885
2026-08-18 00:31:45,47566.465
2026-08-18 00:32:46,47605.15
2026-08-18 00:33:46,47603.92
2026-08-18 00:34:47,47606.58
2026-08-18 00:35:48,47576.59
2026-08-18 00:36:48,47570.83
2026-08-18 00:37:49,47563.12
2026-08-18 00:38:50,47562.325
2026-08-18 00:39:50,47566.295
2026-08-18 00:40:51,47563.005
2026-08-18 00:41:51,47557.285
2026-08-18 00:42:52,47557.285
2026-08-18 00:43:53,47543.345
2026-08-18 00:44:53,47541.96
2026-08-18 00:45:54,47539.91
2026-08-18 00:46:55,47540.385
2026-08-18 00:47:55,47543.2
2026-08-18 00:48:56,47554.1
2026-08-18 00:49:57,47564.075
2026-08-18 00:50:57,47563.85
2026-08-18 00:51:58,47563.85
2026-08-18 00:52:59,47563.85
2026-08-18 00:53:59,47572.71
2026-08-18 00:55:00,47575.62
2026-08-18 00:56:01,47557.105
2026-08-18 00:57:01,47571.63
2026-08-18 00:58:02,47604.065
2026-08-18 00:59:03,47610.665
2026-08-18 01:00:03,47591.77
2026-08-18 01:01:04,47596.505
2026-08-18 01:02:04,47582.635
2026-08-18 01:03:05,47550.61
2026-08-18 01:04:06,47543.255
2026-08-18 01:05:06,47533.79
2026-08-18 01:06:07,47532.515
2026-08-18 01:07:08,47532.515
2026-08-18 01:08:08,47503.07
2026-08-18 01:09:09,47495.4
2026-08-18 01:10:10,47495.4
2026-08-18 01:11:10,47496.735
2026-08-18 01:12:11,47498.325
2026-08-18 01:13:12,47507.005
2026-08-18 01:14:12,47505.81
2026-08-18 01:15:13,47512.885
2026-08-18 01:16:14,47535.125
2026-08-18 01:17:14,47517.87
2026-08-18 01:18:15,47514.655
2026-08-18 01:19:16,47533.23
2026-08-18 01:20:16,47533.23
2026-08-18 01:21:17,47516.52
2026-08-18 01:22:18,47540.705
2026-08-18 01:23:18,47547.31
2026-08-18 01:24:19,47535.58
2026-08-18 01:25:20,47535.58
2026-08-18 01:26:20,47535.58
2026-08-18 01:27:21,47532.055
2026-08-18 01:28:22,47540.01
2026-08-18 01:29:22,47540.01
2026-08-18 01:30:23,47540.01
2026-08-18 01:31:24,47540.01
2026-08-18 01:32:24,47533.975
2026-08-18 01:33:25,47533.975
2026-08-18 01:34:26,47530.37
2026-08-18 01:35:26,47530.37
2026-08-18 01:36:27,47522.025
2026-08-18 01:37:28,47538.48
2026-08-18 01:38:28,47521.73
2026-08-18 01:39:29,47528.57
2026-08-18 01:40:30,47508.795
2026-08-18 01:41:30,47480.92
2026-08-18 01:42:31,47483.98
2026-08-18 01:43:32,47497.56
2026-08-18 01:44:32,47493.375
2026-08-18 01:45:33,47493.375
2026-08-18 01:46:34,47480.225
2026-08-18 01:47:34,47480.225
2026-08-18 01:48:35,47483.62
2026-08-18 01:49:36,47483.62
2026-08-18 01:50:36,47483.62
2026-08-18 01:51:37,47475.205
2026-08-18 01:52:38,47475.205
2026-08-18 01:53:38,47464.88
2026-08-18 01:54:39,47471.18
2026-08-18 01:55:40,47463.1
2026-08-18 01:56:40,47462.965
2026-08-18 01:57:41,47473.95
2026-08-18 01:58:42,47467.555
2026-08-18 01:59:42,47471.255
2026-08-18 02:00:43,47452.78
2026-08-18 02:01:44,47452.78
2026-08-18 02:02:44,47452.78
2026-08-18 02:03:45,47452.78
2026-08-18 02:04:46,47442.675
2026-08-18 02:05:46,47442.675
2026-08-18 02:06:47,47437.25
2026-08-18 02:07:48,47425.87
2026-08-18 02:08:48,47416.205
2026-08-18 02:09:49,47414.12
2026-08-18 02:10:50,47407.355
2026-08-18 02:11:50,47402.94
2026-08-18 02:12:51,47432.92
2026-08-18 02:13:52,47432.92
2026-08-18 02:14:52,47432.355
2026-08-18 02:15:53,47432.355
2026-08-18 02:16:54,47439.315
2026-08-18 02:17:54,47428.89
2026-08-18 02:18:55,47422.29
2026-08-18 02:19:56,47421.36
2026-08-18 02:20:56,47420.175
2026-08-18 02:21:57,47423.865
2026-08-18 02:22:57,47423.865
2026-08-18 02:23:58,47433.335
2026-08-18 02:24:59,47432.015
2026-08-18 02:25:59,47432.015
2026-08-18 02:27:00,47438.515
2026-08-18 02:28:01,47431.835
2026-08-18 02:29:01,47426.27
2026-08-18 02:30:02,47434.35
2026-08-18 02:31:03,47443.385
2026-08-18 02:32:03,47445.135
2026-08-18 02:33:04,47445.135
2026-08-18 02:34:05,47442.94
2026-08-18 02:35:05,47435.65
2026-08-18 02:36:06,47435.175
2026-08-18 02:37:07,47421.075
2026-08-18 02:38:07,47422.015
2026-08-18 02:39:08,47419.08
2026-08-18 02:40:09,47419.08
2026-08-18 02:41:10,47419.08
2026-08-18 02:42:10,47419.08
2026-08-18 02:43:11,47383.765
2026-08-18 02:44:12,47378.05
2026-08-18 02:45:12,47378.05
2026-08-18 02:46:13,47395.69
2026-08-18 02:47:14,47395.735
2026-08-18 02:48:14,47370.37
2026-08-18 02:49:15,47363.845
2026-08-18 02:50:15,47361.025
2026-08-18 02:51:16,47358.54
2026-08-18 02:52:17,47360.815
2026-08-18 02:53:17,47360.815
2026-08-18 02:54:18,47311.78
2026-08-18 02:55:19,47313.27
2026-08-18 02:56:19,47327.325
2026-08-18 02:57:20,47320.295
2026-08-18 02:58:21,47321.13
2026-08-18 02:59:21,47337.51
2026-08-18 03:00:22,47344.94
2026-08-18 03:01:22,47352.59
2026-08-18 03:02:23,47367.115
2026-08-18 03:03:24,47374.445
2026-08-18 03:04:25,47377.64
2026-08-18 03:05:25,47376.28
2026-08-18 03:06:26,47376.28
2026-08-18 03:07:26,47376.28
2026-08-18 03:08:27,47385.765
2026-08-18 03:09:28,47385.765
2026-08-18 03:10:28,47385.765
2026-08-18 03:11:29,47377.98
2026-08-18 03:12:30,47362.185
2026-08-18 03:13:30,47360.27
2026-08-18 03:14:31,47360.27
2026-08-18 03:15:32,47360.27
2026-08-18 03:16:32,47338.76
2026-08-18 03:17:33,47338.0
2026-08-18 03:18:34,47342.26
2026-08-18 03:19:34,47342.26
2026-08-18 03:20:35,47342.26
2026-08-18 03:21:36,47342.26
2026-08-18 03:22:37,47363.165
2026-08-18 03:23:37,47362.27
2026-08-18 03:24:38,47359.365
2026-08-18 03:25:39,47356.955
2026-08-18 03:26:39,47356.955
2026-08-18 03:27:40,47338.255
2026-08-18 03:28:41,47337.935
2026-08-18 03:29:41,47339.155
2026-08-18 03:30:42,47339.155
2026-08-18 03:31:43,47339.155
2026-08-18 03:32:43,47324.765
2026-08-18 03:33:44,47330.345
2026-08-18 03:34:45,47334.48
2026-08-18 03:35:45,47334.48
2026-08-18 03:36:46,47329.1
2026-08-18 03:37:47,47329.1
2026-08-18 03:38:47,47329.1
2026-08-18 03:39:48,47329.1
2026-08-18 03:40:49,47368.4
2026-08-18 03:41:49,47362.58
2026-08-18 03:42:50,47353.35
2026-08-18 03:43:50,47353.35
2026-08-18 03:44:51,47344.825
2026-08-18 03:45:52,47344.825
2026-08-18 03:46:52,47274.1
2026-08-18 03:47:53,47310.075
2026-08-18 03:48:54,47247.335
2026-08-18 03:49:54,47272.235
2026-08-18 03:50:55,47272.235
2026-08-18 03:51:56,47272.235
2026-08-18 03:52:57,47296.115
2026-08-18 03:53:57,47301.905
2026-08-18 03:54:58,47293.285
2026-08-18 03:55:59,47293.285
2026-08-18 03:56:59,47293.285
2026-08-18 03:58:00,47251.75
2026-08-18 03:59:00,47247.735
2026-08-18 04:00:01,47247.735
2026-08-18 04:01:02,47297.585
2026-08-18 04:02:02,47297.585
2026-08-18 04:03:03,47303.945
2026-08-18 04:04:03,47308.43
2026-08-18 04:05:04,47308.43
2026-08-18 04:06:05,47308.43
2026-08-18 04:07:05,47308.43
2026-08-18 04:08:06,47308.43
2026-08-18 04:09:07,47308.43
2026-08-18 04:10:07,47293.155
2026-08-18 04:11:08,47293.155
2026-08-18 04:12:09,47293.155
2026-08-18 04:13:09,47276.42
2026-08-18 04:14:10,47275.57
2026-08-18 04:15:11,47275.57
2026-08-18 04:16:11,47295.34
2026-08-18 04:17:12,47295.34
2026-08-18 04:18:13,47295.34
2026-08-18 04:19:13,47304.01
2026-08-18 04:20:14,47327.49
2026-08-18 04:21:15,47330.47
2026-08-18 04:22:15,47303.905
2026-08-18 04:23:16,47303.905
2026-08-18 04:24:17,47303.905
2026-08-18 04:25:17,47303.905
2026-08-18 04:26:18,47319.065
2026-08-18 04:27:19,47316.085
2026-08-18 04:28:19,47316.085
2026-08-18 04:29:20,47317.45
2026-08-18 04:30:20,47308.795
2026-08-18 04:31:21,47308.795
2026-08-18 04:32:22,47308.795
2026-08-18 04:33:23,47308.795
2026-08-18 04:34:23,47277.255
2026-08-18 04:35:24,47280.145
2026-08-18 04:36:25,47270.88
2026-08-18 04:37:25,47315.545
2026-08-18 04:38:26,47315.545
2026-08-18 04:39:26,47340.595
2026-08-18 04:40:27,47340.595
2026-08-18 04:41:28,47334.595
2026-08-18 04:42:28,47334.595
2026-08-18 04:43:29,47349.415
2026-08-18 04:44:30,47356.2
2026-08-18 04:45:30,47367.83
2026-08-18 04:46:31,47350.125
2026-08-18 04:47:32,47343.88
2026-08-18 04:48:32,47342.385
2026-08-18 04:49:33,47336.715
2026-08-18 04:50:34,47336.715
2026-08-18 04:51:34,47349.365
2026-08-18 04:52:35,47349.365
2026-08-18 04:53:35,47349.365
2026-08-18 04:54:36,47349.365
2026-08-18 04:55:37,47349.365
2026-08-18 04:56:37,47362.55
2026-08-18 04:57:38,47362.55
2026-08-18 04:58:39,47362.55
2026-08-18 04:59:39,47355.29
2026-08-18 05:00:40,47367.68
2026-08-18 05:01:41,47362.57
2026-08-18 05:02:41,47325.51
2026-08-18 05:03:42,47301.86
2026-08-18 05:04:43,47308.135
2026-08-18 05:05:43,47321.04
2026-08-18 05:06:44,47325.855
2026-08-18 05:07:45,47336.3
2026-08-18 05:08:45,47336.3
2026-08-18 05:09:46,47336.3
2026-08-18 05:10:47,47336.285
2026-08-18 05:11:47,47342.53
2026-08-18 05:12:48,47342.53
2026-08-18 05:13:49,47377.08
2026-08-18 05:14:49,47370.415
2026-08-18 05:15:50,47362.595
2026-08-18 05:16:51,47351.83
2026-08-18 05:17:51,47351.83
2026-08-18 05:18:52,47353.285
2026-08-18 05:19:53,47353.285
2026-08-18 05:20:53,47350.96
2026-08-18 05:21:54,47350.96
2026-08-18 05:22:55,47355.675
2026-08-18 05:23:55,47340.05
2026-08-18 05:24:56,47335.585
2026-08-18 05:25:57,47328.285
2026-08-18 05:26:57,47328.29
2026-08-18 05:27:58,47328.29
2026-08-18 05:28:59,47337.63
2026-08-18 05:29:59,47344.365
2026-08-18 05:31:01,47344.365
2026-08-18 05:32:01,47359.655
2026-08-18 05:33:02,47370.925
2026-08-18 05:34:02,47372.575
2026-08-18 05:35:03,47392.285
2026-08-18 05:36:04,47402.815
2026-08-18 05:37:04,47410.145
2026-08-18 05:38:05,47410.145
2026-08-18 05:39:06,47402.44
2026-08-18 05:40:06,47394.525
2026-08-18 05:41:07,47385.5
2026-08-18 05:42:08,47385.5
2026-08-18 05:43:08,47385.5
2026-08-18 05:44:09,47394.69
2026-08-18 05:45:09,47394.545
2026-08-18 05:46:10,47394.545
2026-08-18 05:47:11,47378.475
2026-08-18 05:48:11,47372.085
2026-08-18 05:49:12,47372.085
2026-08-18 05:50:13,47372.085
2026-08-18 05:51:13,47372.085
2026-08-18 05:52:14,47374.515
2026-08-18 05:53:15,47374.515
2026-08-18 05:54:15,47374.515
2026-08-18 05:55:16,47374.515
2026-08-18 05:56:17,47376.22
2026-08-18 05:57:17,47374.275
2026-08-18 05:58:18,47383.6
2026-08-18 05:59:19,47384.72
2026-08-18 06:00:19,47387.145
2026-08-18 06:01:20,47388.96
2026-08-18 06:02:21,47382.335
2026-08-18 06:03:22,47382.33
2026-08-18 06:04:22,47366.685
2026-08-18 06:05:23,47393.93
2026-08-18 06:06:24,47393.93
2026-08-18 06:07:24,47393.185
2026-08-18 06:08:25,47393.185
2026-08-18 06:09:25,47432.91
2026-08-18 06:10:26,47432.91
2026-08-18 06:11:27,47429.33
2026-08-18 06:12:27,47433.37
2026-08-18 06:13:28,47404.94
2026-08-18 06:14:29,47393.535
2026-08-18 06:15:29,47393.535
2026-08-18 06:16:30,47417.18
2026-08-18 06:17:30,47395.08
2026-08-18 06:18:31,47395.08
2026-08-18 06:19:32,47396.945
2026-08-18 06:20:32,47413.59
2026-08-18 06:21:33,47421.005
2026-08-18 06:22:34,47402.45
2026-08-18 06:23:34,47393.995
2026-08-18 06:24:35,47396.56
2026-08-18 06:25:36,47386.69
2026-08-18 06:26:36,47389.32
2026-08-18 06:27:37,47390.285
2026-08-18 06:28:37,47401.915
2026-08-18 06:29:38,47386.595
2026-08-18 06:30:39,47402.07
2026-08-18 06:31:39,47385.815
2026-08-18 06:32:40,47385.815
2026-08-18 06:33:41,47378.585
2026-08-18 06:34:41,47378.585
2026-08-18 06:35:42,47373.31
2026-08-18 06:36:43,47372.155
2026-08-18 06:37:43,47367.88
2026-08-18 06:38:44,47347.465
2026-08-18 06:39:45,47336.96
2026-08-18 06:40:45,47336.96
2026-08-18 06:41:46,47369.765
2026-08-18 06:42:47,47379.365
2026-08-18 06:43:47,47412.99
2026-08-18 06:44:48,47422.01
2026-08-18 06:45:49,47410.41
2026-08-18 06:46:49,47410.41
2026-08-18 06:47:50,47398.095
2026-08-18 06:48:51,47389.845
2026-08-18 06:49:51,47390.91
2026-08-18 06:50:52,47390.91
2026-08-18 06:51:53,47372.52
2026-08-18 06:52:53,47372.52
2026-08-18 06:53:54,47372.52
2026-08-18 06:54:55,47372.52
2026-08-18 06:55:55,47385.93
2026-08-18 06:56:56,47389.145
2026-08-18 06:57:57,47389.145
2026-08-18 06:58:57,47389.145
2026-08-18 06:59:58,47409.715
2026-08-18 07:00:59,47389.13
2026-08-18 07:01:59,47388.285
2026-08-18 07:03:00,47395.46
2026-08-18 07:04:01,47404.535
2026-08-18 07:05:01,47409.13
2026-08-18 07:06:02,47419.385
2026-08-18 07:07:03,47421.65
2026-08-18 07:08:03,47401.11
2026-08-18 07:09:04,47406.47
2026-08-18 07:10:04,47416.815
2026-08-18 07:11:05,47428.265
2026-08-18 07:12:06,47430.28
2026-08-18 07:13:06,47457.08
2026-08-18 07:14:07,47428.155
2026-08-18 07:15:08,47432.735
2026-08-18 07:16:08,47437.645
2026-08-18 07:17:09,47439.835
2026-08-18 07:18:10,47451.375
2026-08-18 07:19:10,47468.88
2026-08-18 07:20:11,47459.25
2026-08-18 07:21:12,47459.25
2026-08-18 07:22:12,47492.095
2026-08-18 07:23:13,47492.095
2026-08-18 07:24:14,47494.665
2026-08-18 07:25:14,47501.805
2026-08-18 07:26:15,47515.795
2026-08-18 07:27:16,47496.305
2026-08-18 07:28:16,47511.945
2026-08-18 07:29:17,47498.985
2026-08-18 07:30:18,47506.01
2026-08-18 07:31:18,47506.01
2026-08-18 07:32:19,47545.25
2026-08-18 07:33:20,47539.685
2026-08-18 07:34:20,47536.925
2026-08-18 07:35:21,47541.965
2026-08-18 07:36:22,47543.665
2026-08-18 07:37:22,47553.015
2026-08-18 07:38:23,47574.555
2026-08-18 07:39:24,47578.1
2026-08-18 07:40:24,47571.99
2026-08-18 07:41:25,47575.435
2026-08-18 07:42:26,47596.805
2026-08-18 07:43:26,47579.645
2026-08-18 07:44:27,47585.48
2026-08-18 07:45:28,47583.95
2026-08-18 07:46:28,47585.005
2026-08-18 07:47:29,47542.42
2026-08-18 07:48:30,47535.53
2026-08-18 07:49:30,47506.065
2026-08-18 07:50:31,47501.445
2026-08-18 07:51:32,47509.165
2026-08-18 07:52:32,47500.79
2026-08-18 07:53:33,47513.5
2026-08-18 07:54:34,47506.525
2026-08-18 07:55:34,47493.125
2026-08-18 07:56:35,47493.255
2026-08-18 07:57:36,47484.49
2026-08-18 07:58:36,47488.41
2026-08-18 07:59:37,47511.035
2026-08-18 08:00:38,47504.805
2026-08-18 08:01:38,47502.625
2026-08-18 08:02:39,47498.41
2026-08-18 08:03:40,47500.56
2026-08-18 08:04:41,47470.34
2026-08-18 08:05:41,47476.715
2026-08-18 08:06:42,47497.3
2026-08-18 08:07:43,47505.04
2026-08-18 08:08:43,47510.705
2026-08-18 08:09:44,47525.38
2026-08-18 08:10:45,47527.435
2026-08-18 08:11:45,47528.11
2026-08-18 08:12:46,47519.035
2026-08-18 08:13:47,47519.395
2026-08-18 08:14:47,47519.395
2026-08-18 08:15:48,47535.83
2026-08-18 08:16:49,47539.93
2026-08-18 08:17:49,47534.565
2026-08-18 08:18:50,47548.49
2026-08-18 08:19:51,47549.735
2026-08-18 08:20:51,47527.305
2026-08-18 08:21:52,47527.305
2026-08-18 08:22:53,47506.365
2026-08-18 08:23:53,47504.335
2026-08-18 08:24:54,47508.845
2026-08-18 08:25:55,47508.61
2026-08-18 08:26:56,47503.955
2026-08-18 08:27:56,47498.32
2026-08-18 08:28:57,47492.015
2026-08-18 08:29:58,47480.79
2026-08-18 08:30:58,47471.97
2026-08-18 08:31:59,47466.575
2026-08-18 08:33:00,47473.2
2026-08-18 08:34:00,47467.675
2026-08-18 08:35:01,47461.89
2026-08-18 08:36:02,47447.44
2026-08-18 08:37:02,47445.25
2026-08-18 08:38:03,47449.49
2026-08-18 08:39:04,47457.68
2026-08-18 08:40:04,47445.91
2026-08-18 08:41:05,47448.665
2026-08-18 08:42:06,47443.665
2026-08-18 08:43:06,47451.255
2026-08-18 08:44:07,47444.925
2026-08-18 08:45:08,47445.995
2026-08-18 08:46:08,47440.81
2026-08-18 08:47:09,47440.81
2026-08-18 08:48:10,47437.955
2026-08-18 08:49:10,47420.475
2026-08-18 08:50:11,47401.56
2026-08-18 08:51:12,47406.165
2026-08-18 08:52:12,47383.515
2026-08-18 08:53:13,47389.415
2026-08-18 08:54:14,47392.395
2026-08-18 08:55:15,47395.275
2026-08-18 08:56:15,47389.79
2026-08-18 08:57:16,47395.555
2026-08-18 08:58:17,47387.525
2026-08-18 08:59:17,47403.28
2026-08-18 09:00:18,47406.92
2026-08-18 09:01:19,47416.36
2026-08-18 09:02:19,47422.245
2026-08-18 09:03:20,47414.485
2026-08-18 09:04:21,47395.275
2026-08-18 09:05:21,47379.56
2026-08-18 09:06:22,47389.41
2026-08-18 09:07:22,47357.875
2026-08-18 09:08:23,47364.84
2026-08-18 09:09:24,47349.995
2026-08-18 09:10:24,47372.49
2026-08-18 09:11:25,47355.775
2026-08-18 09:12:26,47363.345
2026-08-18 09:13:27,47363.345
2026-08-18 09:14:27,47363.345
2026-08-18 09:15:28,47363.345
2026-08-18 09:16:29,47412.66
2026-08-18 09:17:29,47412.66
2026-08-18 09:18:30,47428.015
2026-08-18 09:19:30,47433.025
2026-08-18 09:20:31,47442.75
2026-08-18 09:21:32,47445.68
2026-08-18 09:22:32,47437.225
2026-08-18 09:23:33,47425.975
2026-08-18 09:24:34,47428.52
2026-08-18 09:25:34,47427.44
2026-08-18 09:26:35,47432.265
2026-08-18 09:27:36,47431.835
2026-08-18 09:28:36,47444.605
2026-08-18 09:29:37,47414.545
2026-08-18 09:30:38,47424.07
2026-08-18 09:31:38,47414.34
2026-08-18 09:32:39,47430.29
2026-08-18 09:33:40,47434.495
2026-08-18 09:34:40,47429.695
2026-08-18 09:35:41,47454.435
2026-08-18 09:36:42,47460.82
2026-08-18 09:37:42,47495.13
2026-08-18 09:38:43,47494.88
2026-08-18 09:39:44,47513.655
2026-08-18 09:40:44,47505.545
2026-08-18 09:41:45,47477.755
2026-08-18 09:42:46,47474.41
2026-08-18 09:43:46,47466.81
2026-08-18 09:44:47,47468.39
2026-08-18 09:45:48,47460.685
2026-08-18 09:46:49,47465.995
2026-08-18 09:47:49,47462.375
2026-08-18 09:48:50,47439.17
2026-08-18 09:49:51,47430.09
2026-08-18 09:50:51,47437.63
2026-08-18 09:51:52,47450.01
2026-08-18 09:52:53,47467.4
2026-08-18 09:53:53,47467.4
2026-08-18 09:54:54,47448.335
2026-08-18 09:55:55,47448.445
2026-08-18 09:56:55,47438.495
2026-08-18 09:57:56,47440.935
2026-08-18 09:58:57,47452.585
2026-08-18 09:59:58,47460.395
2026-08-18 10:00:58,47456.66
2026-08-18 10:01:59,47456.71
2026-08-18 10:03:00,47448.68
2026-08-18 10:04:00,47442.095
2026-08-18 10:05:01,47433.11
2026-08-18 10:06:02,47424.84
2026-08-18 10:07:02,47426.125
2026-08-18 10:08:03,47418.305
2026-08-18 10:09:04,47426.29
2026-08-18 10:10:04,47426.855
2026-08-18 10:11:05,47432.395
2026-08-18 10:12:06,47430.25
2026-08-18 10:13:06,47438.9
2026-08-18 10:14:07,47439.845
2026-08-18 10:15:08,47436.54
2026-08-18 10:16:08,47441.315
2026-08-18 10:17:09,47432.47
2026-08-18 10:18:10,47422.365
2026-08-18 10:19:10,47412.01
2026-08-18 10:20:11,47398.74
2026-08-18 10:21:12,47396.82
2026-08-18 10:22:12,47390.9
2026-08-18 10:23:13,47389.74
2026-08-18 10:24:14,47385.04
2026-08-18 10:25:14,47368.755
2026-08-18 10:26:15,47368.945
2026-08-18 10:27:16,47368.67
2026-08-18 10:28:17,47369.09
2026-08-18 10:29:17,47365.83
2026-08-18 10:30:18,47366.015
2026-08-18 10:31:19,47354.65
2026-08-18 10:32:19,47363.92
2026-08-18 10:33:20,47369.67
2026-08-18 10:34:21,47374.24
2026-08-18 10:35:21,47378.17
2026-08-18 10:36:22,47383.385
2026-08-18 10:37:23,47371.885
2026-08-18 10:38:23,47374.245
2026-08-18 10:39:24,47379.085
2026-08-18 10:40:24,47374.25
2026-08-18 10:41:25,47378.295
2026-08-18 10:42:26,47366.09
2026-08-18 10:43:26,47368.875
2026-08-18 10:44:27,47373.455
2026-08-18 10:45:28,47368.59
2026-08-18 10:46:29,47357.0
2026-08-18 10:47:29,47368.985
2026-08-18 10:48:30,47365.565
2026-08-18 10:49:30,47373.675
2026-08-18 10:50:31,47357.62
2026-08-18 10:51:32,47350.87
2026-08-18 10:52:32,47350.545
2026-08-18 10:53:33,47361.625
2026-08-18 10:54:33,47372.33
2026-08-18 10:55:34,47373.925
2026-08-18 10:56:35,47372.125
2026-08-18 10:57:35,47378.385
2026-08-18 10:58:36,47373.41
2026-08-18 10:59:37,47373.555
2026-08-18 11:00:37,47363.51
2026-08-18 11:01:38,47366.165
2026-08-18 11:02:39,47353.67
2026-08-18 11:03:39,47368.62
2026-08-18 11:04:40,47393.24
2026-08-18 11:05:41,47386.42
2026-08-18 11:06:42,47387.38
2026-08-18 11:07:42,47390.03
2026-08-18 11:08:43,47376.63
2026-08-18 11:09:44,47374.61
2026-08-18 11:10:44,47374.565
2026-08-18 11:11:45,47374.09
2026-08-18 11:12:46,47378.105
2026-08-18 11:13:46,47375.95
2026-08-18 11:14:47,47375.95
2026-08-18 11:15:48,47384.63
2026-08-18 11:16:48,47385.09
2026-08-18 11:17:49,47380.89
2026-08-18 11:18:50,47383.24
2026-08-18 11:19:50,47390.755
2026-08-18 11:20:51,47391.02
2026-08-18 11:21:52,47380.925
2026-08-18 11:22:53,47370.67
2026-08-18 11:23:53,47376.665
2026-08-18 11:24:54,47374.98
2026-08-18 11:25:54,47383.335
2026-08-18 11:26:55,47374.4
2026-08-18 11:27:56,47375.68
2026-08-18 11:28:56,47375.995
2026-08-18 11:29:57,47376.24
2026-08-18 11:30:58,47377.35
2026-08-18 11:31:58,47396.665
2026-08-18 11:32:59,47399.28
2026-08-18 11:34:00,47397.68
2026-08-18 11:35:00,47404.45
2026-08-18 11:36:01,47406.58
2026-08-18 11:37:02,47405.965
2026-08-18 11:38:02,47409.505
2026-08-18 11:39:03,47418.105
2026-08-18 11:40:03,47408.995
2026-08-18 11:41:04,47397.175
2026-08-18 11:42:05,47396.355
2026-08-18 11:43:06,47401.255
2026-08-18 11:44:06,47403.93
2026-08-18 11:45:07,47399.605
2026-08-18 11:46:08,47398.82
2026-08-18 11:47:08,47398.39
2026-08-18 11:48:09,47409.92
2026-08-18 11:49:10,47406.135
2026-08-18 11:50:10,47405.325
2026-08-18 11:51:11,47403.32
2026-08-18 11:52:11,47411.46
2026-08-18 11:53:12,47413.51
2026-08-18 11:54:13,47410.495
2026-08-18 11:55:13,47419.17
2026-08-18 11:56:14,47423.85
2026-08-18 11:57:15,47421.545
2026-08-18 11:58:15,47425.935
2026-08-18 11:59:16,47421.675
2026-08-18 12:00:17,47413.095
2026-08-18 12:01:18,47414.065
2026-08-18 12:02:18,47429.19
2026-08-18 12:03:19,47453.85
2026-08-18 12:04:19,47514.365
2026-08-18 12:05:20,47492.075
2026-08-18 12:06:21,47477.17
2026-08-18 12:07:22,47480.125
2026-08-18 12:08:22,47479.275
2026-08-18 12:09:23,47481.25
2026-08-18 12:10:24,47490.42
2026-08-18 12:11:24,47502.34
2026-08-18 12:12:25,47511.345
2026-08-18 12:13:26,47493.48
2026-08-18 12:14:26,47502.235
2026-08-18 12:15:27,47508.64
2026-08-18 12:16:27,47537.16
2026-08-18 12:17:28,47525.855
2026-08-18 12:18:29,47525.12
2026-08-18 12:19:29,47518.63
2026-08-18 12:20:30,47521.8
2026-08-18 12:21:31,47527.54
2026-08-18 12:22:32,47544.525
2026-08-18 12:23:32,47536.355
2026-08-18 12:24:33,47540.565
2026-08-18 12:25:34,47556.685
2026-08-18 12:26:34,47552.02
2026-08-18 12:27:35,47554.85
2026-08-18 12:28:36,47548.235
2026-08-18 12:29:36,47562.67
2026-08-18 12:30:37,47537.11
2026-08-18 12:31:38,47541.79
2026-08-18 12:32:38,47543.06
2026-08-18 12:33:39,47539.46
2026-08-18 12:34:40,47538.075
2026-08-18 12:35:40,47561.18
2026-08-18 12:36:41,47555.605
2026-08-18 12:37:42,47553.075
2026-08-18 12:38:42,47550.59
2026-08-18 12:39:43,47555.455
2026-08-18 12:40:44,47557.64
2026-08-18 12:41:44,47554.74
2026-08-18 12:42:45,47553.555
2026-08-18 12:43:46,47556.13
2026-08-18 12:44:47,47567.52
2026-08-18 12:45:47,47569.08
2026-08-18 12:46:48,47572.365
2026-08-18 12:47:49,47547.3
2026-08-18 12:48:49,47552.29
2026-08-18 12:49:50,47538.99
2026-08-18 12:50:50,47538.99
2026-08-18 12:51:51,47544.055
2026-08-18 12:52:52,47537.805
2026-08-18 12:53:53,47522.085
2026-08-18 12:54:53,47519.125
2026-08-18 12:55:54,47522.215
2026-08-18 12:56:54,47519.58
2026-08-18 12:57:55,47523.47
2026-08-18 12:58:56,47520.975
2026-08-18 12:59:56,47519.06
2026-08-18 13:00:57,47512.71
2026-08-18 13:01:58,47511.385
2026-08-18 13:02:58,47509.995
2026-08-18 13:03:59,47486.585
2026-08-18 13:05:00,47498.64
2026-08-18 13:06:00,47512.28
2026-08-18 13:07:01,47518.54
2026-08-18 13:08:01,47518.9
2026-08-18 13:09:02,47496.72
2026-08-18 13:10:03,47488.555
2026-08-18 13:11:03,47472.35
2026-08-18 13:12:04,47472.175
2026-08-18 13:13:05,47484.545
2026-08-18 13:14:05,47483.565
2026-08-18 13:15:06,47475.61
2026-08-18 13:16:07,47472.915
2026-08-18 13:17:07,47473.205
2026-08-18 13:18:08,47477.52
2026-08-18 13:19:09,47476.045
2026-08-18 13:20:09,47473.825
2026-08-18 13:21:10,47477.74
2026-08-18 13:22:11,47494.76
2026-08-18 13:23:11,47492.06
2026-08-18 13:24:12,47475.015
2026-08-18 13:25:13,47478.235
2026-08-18 13:26:13,47472.885
2026-08-18 13:27:14,47473.95
2026-08-18 13:28:15,47476.785
2026-08-18 13:29:15,47479.77
2026-08-18 13:30:16,47482.525
2026-08-18 13:31:17,47470.78
2026-08-18 13:32:17,47466.12
2026-08-18 13:33:18,47483.26
2026-08-18 13:34:19,47469.725
2026-08-18 13:35:19,47476.41
2026-08-18 13:36:20,47478.53
2026-08-18 13:37:21,47463.45
2026-08-18 13:38:21,47464.86
2026-08-18 13:39:22,47456.055
2026-08-18 13:40:23,47456.17
2026-08-18 13:41:24,47450.01
2026-08-18 13:42:24,47451.97
2026-08-18 13:43:25,47446.75
2026-08-18 13:44:26,47448.225
2026-08-18 13:45:27,47437.29
2026-08-18 13:46:27,47438.8
2026-08-18 13:47:28,47436.105
2026-08-18 13:48:29,47432.305
2026-08-18 13:49:29,47430.11
2026-08-18 13:50:30,47424.15
2026-08-18 13:51:31,47433.3
2026-08-18 13:52:31,47427.02
2026-08-18 13:53:32,47427.02
2026-08-18 13:54:33,47422.42
2026-08-18 13:55:33,47414.06
2026-08-18 13:56:34,47408.405
2026-08-18 13:57:35,47412.8
2026-08-18 13:58:35,47407.645
2026-08-18 13:59:36,47406.05
2026-08-18 14:00:37,47379.65
2026-08-18 14:01:37,47362.61
2026-08-18 14:02:38,47361.81
2026-08-18 14:03:39,47368.235
2026-08-18 14:04:40,47362.625
2026-08-18 14:05:40,47357.4
2026-08-18 14:06:41,47357.945
2026-08-18 14:07:41,47365.04
2026-08-18 14:08:42,47362.31
2026-08-18 14:09:43,47358.715
2026-08-18 14:10:43,47351.95
2026-08-18 14:11:44,47365.195
2026-08-18 14:12:45,47361.525
2026-08-18 14:13:46,47362.3
2026-08-18 14:14:46,47371.825
2026-08-18 14:15:47,47361.315
2026-08-18 14:16:48,47349.78
2026-08-18 14:17:48,47335.355
2026-08-18 14:18:49,47333.995
2026-08-18 14:19:50,47327.35
2026-08-18 14:20:50,47316.375
2026-08-18 14:21:51,47321.48
2026-08-18 14:22:52,47323.68
2026-08-18 14:23:52,47289.845
2026-08-18 14:24:53,47309.06
2026-08-18 14:25:54,47300.68
2026-08-18 14:26:54,47305.24
2026-08-18 14:27:55,47310.01
2026-08-18 14:28:56,47298.18
2026-08-18 14:29:56,47282.885
2026-08-18 14:30:57,47298.105
2026-08-18 14:31:58,47353.83
2026-08-18 14:32:58,47307.67
2026-08-18 14:33:59,47292.06
2026-08-18 14:35:00,47271.925
2026-08-18 14:36:00,47297.62
2026-08-18 14:37:01,47286.49
2026-08-18 14:38:02,47286.76
2026-08-18 14:39:02,47326.27
2026-08-18 14:40:03,47367.35
2026-08-18 14:41:04,47388.79
2026-08-18 14:42:04,47361.63
2026-08-18 14:43:05,47359.36
2026-08-18 14:44:06,47365.035
2026-08-18 14:45:06,47346.915
2026-08-18 14:46:07,47358.325
2026-08-18 14:47:08,47367.21
2026-08-18 14:48:08,47387.12
2026-08-18 14:49:09,47361.065
2026-08-18 14:50:10,47368.6
2026-08-18 14:51:10,47412.585
2026-08-18 14:52:11,47386.21
2026-08-18 14:53:12,47365.255
2026-08-18 14:54:13,47349.33
2026-08-18 14:55:13,47334.78
2026-08-18 14:56:14,47321.86
2026-08-18 14:57:14,47365.565
2026-08-18 14:58:15,47367.745
2026-08-18 14:59:16,47365.605
2026-08-18 15:00:16,47387.725
2026-08-18 15:01:17,47399.615
2026-08-18 15:02:18,47394.215
2026-08-18 15:03:18,47449.95
2026-08-18 15:04:19,47449.95
2026-08-18 15:05:20,47471.525
2026-08-18 15:06:21,47462.275
2026-08-18 15:07:21,47461.28
2026-08-18 15:08:22,47471.31
2026-08-18 15:09:23,47450.835
2026-08-18 15:10:23,47411.17
2026-08-18 15:11:24,47410.08
2026-08-18 15:12:25,47399.295
2026-08-18 15:13:25,47410.025
2026-08-18 15:14:26,47388.51
2026-08-18 15:15:27,47409.97
2026-08-18 15:16:27,47410.77
2026-08-18 15:17:28,47435.08
2026-08-18 15:18:29,47410.1
2026-08-18 15:19:29,47492.135
2026-08-18 15:20:30,47538.305
2026-08-18 15:21:31,47566.63
2026-08-18 15:22:31,47550.2
2026-08-18 15:23:32,47617.82
2026-08-18 15:24:33,47715.61
2026-08-18 15:25:33,47737.245
2026-08-18 15:26:34,47790.525
2026-08-18 15:27:35,47894.915
2026-08-18 15:28:36,47902.24
2026-08-18 15:29:36,47956.785
2026-08-18 15:31:21,47962.21
2026-08-18 15:32:22,47819.905
2026-08-18 15:33:23,47808.6
2026-08-18 15:34:23,47823.5
2026-08-18 15:35:24,47828.88
2026-08-18 15:36:25,47827.035
2026-08-18 15:37:25,47810.895
2026-08-18 15:38:26,47810.37
2026-08-18 15:39:27,47810.37
2026-08-18 15:40:27,47792.87
2026-08-18 15:41:28,47794.445
2026-08-18 15:42:29,47809.515
2026-08-18 15:43:29,47795.93
2026-08-18 15:44:30,47805.57
2026-08-18 15:45:31,47765.845
2026-08-18 15:46:32,47788.235
2026-08-18 15:47:32,47784.035
2026-08-18 15:48:33,47759.07
2026-08-18 15:49:33,47773.075
2026-08-18 15:50:34,47782.22
2026-08-18 15:51:35,47808.14
2026-08-18 15:52:35,47756.445
2026-08-18 15:53:36,47718.485
2026-08-18 15:54:37,47755.315
2026-08-18 15:55:38,47746.445
2026-08-18 15:56:38,47749.885
2026-08-18 15:59:01,47751.655
2026-08-18 16:00:02,47751.655
2026-08-18 16:01:03,47783.275
2026-08-18 16:02:03,47764.305
2026-08-18 16:03:04,47765.9
2026-08-18 16:05:34,47777.28
2026-08-18 16:06:35,47806.87
2026-08-18 16:07:36,47788.14
2026-08-18 16:08:36,47769.575
2026-08-18 16:09:37,47738.21
2026-08-18 16:10:38,47719.46
2026-08-18 16:11:38,47744.85
2026-08-18 16:12:39,47784.475
2026-08-18 16:13:40,47768.885
2026-08-18 16:14:41,47784.91
2026-08-18 16:15:42,47780.85
2026-08-18 16:16:43,47796.8
2026-08-18 16:17:43,47788.165
2026-08-18 16:18:44,47789.425
2026-08-18 16:19:45,47794.975
2026-08-18 16:20:45,47802.145
2026-08-18 16:21:46,47804.83
2026-08-18 16:22:47,47778.44
2026-08-18 16:23:48,47780.85
2026-08-18 16:24:48,47774.245
2026-08-18 16:25:49,47809.84
2026-08-18 16:26:49,47824.395
2026-08-18 16:27:50,47831.46
2026-08-18 16:28:51,47846.6
2026-08-18 16:29:52,47831.785
2026-08-18 16:30:52,47835.445
2026-08-18 16:31:53,47863.61
2026-08-18 16:32:54,47839.38
2026-08-18 16:33:55,47830.47
2026-08-18 16:34:55,47863.765
2026-08-18 16:35:56,47871.435
2026-08-18 16:36:58,47853.31
2026-08-18 16:37:59,47828.685
2026-08-18 16:39:00,47857.115
2026-08-18 16:40:01,47858.7
2026-08-18 16:41:02,47858.7
2026-08-18 16:53:14,47862.23
2026-08-18 16:54:15,47867.015
2026-08-18 17:02:52,47864.225
2026-08-18 17:03:54,47859.735
2026-08-18 17:21:12,47763.125
2026-08-18 17:22:13,47763.125
2026-08-18 17:23:21,47763.125
2026-08-18 17:24:23,47746.745
2026-08-18 17:25:24,47747.595
2026-08-18 17:26:25,47747.59
2026-08-18 17:27:25,47732.68
2026-08-18 17:28:26,47743.31
2026-08-18 17:29:27,47738.63
2026-08-18 17:30:28,47737.475
2026-08-18 17:31:28,47727.46
2026-08-18 17:32:29,47723.585
2026-08-18 17:33:30,47728.075
2026-08-18 17:34:30,47758.52
2026-08-18 17:35:31,47774.06
2026-08-18 17:36:32,47772.605
2026-08-18 17:37:32,47772.605
2026-08-18 17:38:33,47772.605
2026-08-18 17:39:34,47808.285
2026-08-18 17:40:34,47805.235
2026-08-18 17:41:35,47805.235
2026-08-18 17:42:35,47807.265
2026-08-18 17:43:36,47808.185
2026-08-18 17:44:37,47801.98
2026-08-18 17:45:37,47796.095
2026-08-18 17:46:38,47807.34
2026-08-18 17:47:39,47821.845
2026-08-18 17:48:39,47841.935
2026-08-18 17:49:40,47825.76
2026-08-18 17:50:41,47822.09
2026-08-18 17:51:41,47816.775
2026-08-18 17:52:42,47812.7
2026-08-18 17:53:43,47826.71
2026-08-18 17:54:43,47826.825
2026-08-18 17:55:44,47819.24
2026-08-18 17:56:45,47840.82
2026-08-18 17:57:45,47837.8
2026-08-18 17:58:46,47839.065
2026-08-18 17:59:47,47846.57
2026-08-18 18:00:47,47835.56
2026-08-18 18:01:48,47815.53
2026-08-18 18:02:49,47815.705
2026-08-18 18:03:49,47818.125
2026-08-18 18:04:50,47825.305
2026-08-18 18:05:51,47839.065
2026-08-18 18:06:51,47826.495
2026-08-18 18:07:52,47826.495
2026-08-18 18:08:53,47831.91
2026-08-18 18:09:53,47823.465
2026-08-18 18:10:54,47834.41
2026-08-18 18:11:55,47829.64
2026-08-18 18:12:55,47824.78
2026-08-18 18:13:56,47833.875
2026-08-18 18:14:57,47845.44
2026-08-18 18:15:58,47834.105
2026-08-18 18:16:58,47810.725
2026-08-18 18:17:59,47812.03
2026-08-18 18:18:59,47816.1
2026-08-18 18:20:00,47828.045
2026-08-18 18:21:01,47831.11
2026-08-18 18:22:02,47847.155
2026-08-18 18:23:02,47843.89
2026-08-18 18:24:03,47833.785
2026-08-18 18:25:04,47840.78
2026-08-18 18:26:04,47834.415
2026-08-18 18:27:05,47839.49
2026-08-18 18:28:06,47845.075
2026-08-18 18:29:06,47842.215
2026-08-18 18:30:07,47842.215
2026-08-18 18:31:08,47861.99
2026-08-18 18:32:08,47865.825
2026-08-18 18:33:09,47849.055
2026-08-18 18:34:10,47847.3
2026-08-18 18:35:11,47839.73
2026-08-18 18:36:11,47800.18
2026-08-18 18:37:12,47806.78
2026-08-18 18:38:13,47805.985
2026-08-18 18:39:13,47819.755
2026-08-18 18:40:14,47823.4
2026-08-18 18:41:15,47807.705
2026-08-18 18:42:15,47807.705
2026-08-18 18:43:16,47807.705
2026-08-18 18:44:17,47807.705
2026-08-18 18:45:17,47786.29
2026-08-18 18:46:18,47790.85
2026-08-18 18:47:19,47783.37
2026-08-18 18:48:19,47783.85
2026-08-18 18:49:20,47772.265
2026-08-18 18:50:21,47767.615
2026-08-18 18:51:21,47767.68
2026-08-18 18:52:22,47765.345
2026-08-18 18:53:22,47764.79
2026-08-18 18:54:23,47781.39
2026-08-18 18:55:24,47772.425
2026-08-18 18:56:24,47779.73
2026-08-18 18:57:25,47776.84
2026-08-18 18:58:26,47767.55
2026-08-18 18:59:26,47752.85
2026-08-18 19:00:27,47747.925
2026-08-18 19:01:28,47749.405
2026-08-18 19:02:28,47749.215
2026-08-18 19:03:29,47744.705
2026-08-18 19:04:29,47752.545
2026-08-18 19:05:30,47767.57
2026-08-18 19:06:31,47761.205
2026-08-18 19:07:31,47763.04
2026-08-18 19:08:32,47777.09
2026-08-18 19:09:33,47763.325
2026-08-18 19:10:33,47772.22
2026-08-18 19:11:34,47775.41
2026-08-18 19:12:35,47768.46
2026-08-18 19:13:35,47773.36
2026-08-18 19:14:36,47799.195
2026-08-18 19:15:37,47797.19
2026-08-18 19:16:37,47796.21
2026-08-18 19:17:38,47796.26
2026-08-18 19:18:39,47803.31
2026-08-18 19:19:39,47819.83
2026-08-18 19:20:40,47808.475
2026-08-18 19:21:40,47814.22
2026-08-18 19:22:41,47827.725
2026-08-18 19:23:42,47828.555
2026-08-18 19:24:43,47825.045
2026-08-18 19:25:43,47819.615
2026-08-18 19:26:44,47822.935
2026-08-18 19:27:45,47826.765
2026-08-18 19:28:45,47840.645
2026-08-18 19:29:46,47837.58
2026-08-18 19:30:47,47836.535
2026-08-18 19:31:47,47840.555
2026-08-18 19:32:48,47822.84
2026-08-18 19:33:49,47820.325
2026-08-18 19:34:49,47828.73
2026-08-18 19:35:50,47831.67
2026-08-18 19:36:51,47827.805
2026-08-18 19:37:51,47861.785
2026-08-18 19:38:52,47836.785
2026-08-18 19:39:52,47840.885
2026-08-18 19:40:53,47842.195
2026-08-18 19:41:54,47840.61
2026-08-18 19:42:54,47817.62
2026-08-18 19:43:55,47818.225
2026-08-18 19:44:56,47817.425
2026-08-18 19:45:57,47817.425
2026-08-18 19:46:57,47817.425
2026-08-18 19:47:58,47843.58
2026-08-18 19:48:58,47845.095
2026-08-18 19:49:59,47848.535
2026-08-18 19:51:00,47835.52
2026-08-18 19:52:01,47848.065
2026-08-18 19:53:02,47836.16
2026-08-18 19:54:02,47833.905
2026-08-18 19:55:03,47834.625
2026-08-18 19:56:04,47823.475
2026-08-18 19:57:04,47826.035
2026-08-18 19:58:05,47829.54
2026-08-18 19:59:06,47829.54
2026-08-18 20:00:06,47829.54
2026-08-18 20:01:07,47829.54
2026-08-18 20:02:07,47822.405
2026-08-18 20:03:08,47822.455
2026-08-18 20:04:09,47819.92
2026-08-18 20:05:09,47812.35
2026-08-18 20:06:10,47813.77
2026-08-18 20:07:11,47814.8
2026-08-18 20:08:12,47810.025
2026-08-18 20:09:12,47805.09
2026-08-18 20:10:13,47805.09
2026-08-18 20:11:14,47805.09
2026-08-18 20:12:14,47785.755
2026-08-18 20:13:15,47785.105
2026-08-18 20:14:16,47781.805
2026-08-18 20:15:16,47781.465
2026-08-18 20:16:17,47777.86
2026-08-18 20:17:18,47777.485
2026-08-18 20:18:18,47781.02
2026-08-18 20:19:19,47778.865
2026-08-18 20:20:20,47778.34
2026-08-18 20:21:20,47789.095
2026-08-18 20:22:21,47788.84
2026-08-18 20:23:22,47788.815
2026-08-18 20:24:22,47788.555
2026-08-18 20:25:23,47801.96
2026-08-18 20:26:24,47805.955
2026-08-18 20:27:25,47815.535
2026-08-18 20:28:25,47824.885
2026-08-18 20:29:26,47841.98
2026-08-18 20:30:27,47826.725
2026-08-18 20:31:27,47820.005
2026-08-18 20:32:28,47819.84
2026-08-18 20:33:29,47803.29
2026-08-18 20:34:29,47803.02
2026-08-18 20:35:30,47795.355
2026-08-18 20:36:31,47798.34
2026-08-18 20:37:31,47798.34
2026-08-18 20:38:32,47784.815
2026-08-18 20:39:33,47782.185
2026-08-18 20:40:33,47772.47
2026-08-18 20:41:34,47762.96
2026-08-18 20:42:35,47743.245
2026-08-18 20:43:35,47737.04
2026-08-18 20:44:36,47741.975
2026-08-18 20:45:37,47742.885
2026-08-18 20:46:37,47748.205
2026-08-18 20:47:38,47754.155
2026-08-18 20:48:39,47746.095
2026-08-18 20:49:39,47735.93
2026-08-18 20:50:40,47741.87
2026-08-18 20:51:41,47750.71
2026-08-18 20:52:41,47755.475
2026-08-18 20:53:42,47753.745
2026-08-18 20:54:43,47755.23
2026-08-18 20:55:43,47738.265
2026-08-18 20:56:44,47743.08
2026-08-18 20:57:45,47740.72
2026-08-18 20:58:45,47731.51
2026-08-18 20:59:46,47736.54
2026-08-18 21:00:47,47751.435
2026-08-18 21:01:47,47747.34
2026-08-18 21:02:48,47742.565
2026-08-18 21:03:49,47734.44
2026-08-18 21:04:49,47716.97
2026-08-18 21:05:50,47704.81
2026-08-18 21:06:51,47707.97
2026-08-18 21:07:51,47713.2
2026-08-18 21:08:52,47735.375
2026-08-18 21:09:52,47749.755
2026-08-18 21:10:53,47744.5
2026-08-18 21:11:54,47746.615
2026-08-18 21:12:54,47743.22
2026-08-18 21:13:55,47742.97
2026-08-18 21:14:56,47753.885
2026-08-18 21:15:56,47746.75
2026-08-18 21:16:57,47750.325
2026-08-18 21:17:58,47749.45
2026-08-18 21:18:58,47738.1
2026-08-18 21:19:59,47735.275
2026-08-18 21:21:00,47732.055
2026-08-18 21:22:01,47725.2
2026-08-18 21:23:01,47726.14
2026-08-18 21:24:02,47733.48
2026-08-18 21:25:02,47733.48
2026-08-18 21:26:03,47733.48
2026-08-18 21:27:04,47733.48
2026-08-18 21:28:04,47739.99
2026-08-18 21:29:05,47739.99
2026-08-18 22:07:51,47697.57
2026-08-18 22:08:55,47710.24
2026-08-18 22:09:55,47723.76
2026-08-18 22:10:56,47725.51
2026-08-18 22:11:57,47728.06
2026-08-18 22:12:58,47734.895
2026-08-18 22:13:58,47731.15
2026-08-18 22:14:59,47711.435
2026-08-18 22:16:00,47715.865
2026-08-18 22:17:01,47716.465
2026-08-18 22:18:01,47707.195
2026-08-18 22:19:02,47698.075
2026-08-18 22:20:03,47698.615
2026-08-18 22:21:03,47708.155
2026-08-18 22:22:04,47708.15
2026-08-18 22:23:05,47708.7
2026-08-18 22:24:05,47710.075
2026-08-18 22:25:06,47705.09
2026-08-18 22:26:07,47718.065
2026-08-18 22:27:07,47717.58
2026-08-18 22:28:08,47717.845
2026-08-18 22:29:09,47717.25
2026-08-18 22:30:09,47713.9
2026-08-18 22:31:10,47714.195
2026-08-18 22:32:11,47706.49
2026-08-18 22:33:11,47706.505
2026-08-18 22:34:12,47704.26
2026-08-18 22:35:13,47700.09
2026-08-18 22:36:13,47702.105
2026-08-18 22:37:14,47700.355
2026-08-18 22:38:15,47697.355
2026-08-18 22:39:15,47697.355
2026-08-18 22:40:16,47687.26
2026-08-18 22:41:17,47685.415
2026-08-18 22:42:17,47693.49
2026-08-18 22:43:18,47689.25
2026-08-18 22:44:19,47687.605
2026-08-18 22:45:19,47696.42
2026-08-18 22:46:20,47702.255
2026-08-18 22:47:21,47713.16
2026-08-18 22:48:21,47708.36
2026-08-18 22:49:22,47714.1
2026-08-18 22:50:23,47715.125
2026-08-18 22:51:23,47715.59
2026-08-18 22:52:24,47712.6
2026-08-18 22:53:25,47714.23
2026-08-18 22:54:25,47706.93
2026-08-18 22:55:26,47707.285
2026-08-18 22:56:27,47701.36
2026-08-18 22:57:28,47701.15
2026-08-18 22:58:28,47701.15
2026-08-18 22:59:29,47719.695
2026-08-18 23:00:30,47687.66
2026-08-18 23:01:30,47688.015
2026-08-18 23:02:31,47692.49
2026-08-18 23:03:32,47706.73
2026-08-18 23:04:32,47689.35
2026-08-18 23:05:33,47681.86
2026-08-18 23:06:34,47685.825
2026-08-18 23:07:35,47686.95
2026-08-18 23:08:36,47682.285
2026-08-18 23:09:36,47694.935
2026-08-18 23:10:37,47700.72
2026-08-18 23:11:38,47700.9
2026-08-18 23:12:38,47715.63
2026-08-18 23:13:39,47715.63
2026-08-18 23:14:40,47715.63
2026-08-18 23:15:40,47689.13
2026-08-18 23:16:41,47687.155
2026-08-18 23:17:42,47691.91
2026-08-18 23:18:42,47694.86
2026-08-18 23:19:43,47697.255
2026-08-18 23:20:44,47696.405
2026-08-18 23:21:44,47704.85
2026-08-18 23:22:45,47711.06
2026-08-18 23:23:46,47704.31
2026-08-18 23:24:46,47698.245
2026-08-18 23:25:47,47680.015
2026-08-18 23:26:48,47687.24
2026-08-18 23:27:48,47694.385
2026-08-18 23:28:49,47694.735
2026-08-18 23:29:50,47693.12
2026-08-18 23:51:15,47724.02
2026-08-18 23:52:16,47722.925
2026-08-18 23:53:17,47724.095
2026-08-18 23:54:17,47717.405
2026-08-18 23:55:18,47709.25
2026-08-18 23:56:19,47704.46
2026-08-18 23:57:19,47722.57
2026-08-18 23:58:20,47723.385
2026-08-18 23:59:21,47724.47
2026-08-19 00:00:22,47728.87
2026-08-19 00:01:23,47724.45
2026-08-19 00:12:03,47754.6
2026-08-19 00:13:04,47754.6
